{
	"problem": "correlated",
	"agent": ["coagent_global_baseline"],
	"epochs": 1,
	"model_std" : [0.0625, 0.25, 1.0 , 2.0, 4.0 , 8.0,  16.0],
	"optimizer" : ["rmsprop"],
	"model_specification" : [{"num_layers" : 1 ,  "activation" :  "relu"},{"num_layers" : 2 ,  "activation" :  "relu"}, {"num_layers" : 3 ,  "activation" :  "relu"}],
	"alpha": [0.00006103515625, 0.0001220703125,  0.00024414062,0.00048828125,  0.001953125, 0.0078125],
	"batch_size" : [1,10,20,30,50,100],
	"seed" : [1,2,3,4,5,6,7,8,9,10,11,12,13,14,15,16,17,18,19,20,21,22,23,24,25,26,27,28,29,30],
	"gradient_clipping": ["none"] ,
	"pretrain": false,
	"units_layer" : [50],
	"eval_greedy" : true,
    "difficulty": [0.5]
}

