{
    "problem" : "correlated",
    "node" : "discrete",
    "agent" : "coagent_discrete_ac_offpolicy",
    "epochs" : 1,
    "optimizer" : ["rmsprop"],
    "model_specification" : [{"num_layers" : 3 }],
    "alpha": [0.00006103515625, 0.0001220703125,  0.00024414062,0.00048828125,  0.001953125, 0.0078125],
    "batch_size" : 32,
    "seed" : [1, 2, 3, 4, 5, 6, 7, 8, 9, 10, 11, 12, 13, 14, 15, 16, 17, 18, 19, 20, 21, 22, 23, 24, 25, 26, 27, 28, 29, 30],
    "units_layer" : [50],
    "eval_greedy" : true,
    "pretrain" : [false],
    "critic_alpha_ratio" : 2.0,
    "critic_layer" : [2],
    "critic_nodes" : [32],
    "difficulty" : [0,0.85,0.95,1]
}